Name,Price,Sold,Review,Gift,Category
"Combo Sữa tắm Lifebuoy Detox và Bảo vệ khỏi vi khuẩn 800gr (Chai): Matcha & Khổ qua, Dầu Tràm trà & Muối hồng",308.000 ₫,"4,665 Đã bán",(932),Quà tặng,shop-sua-tam
Sữa tắm Lifebuoy 1Kg Bảo vệ vượt trội 10 giúp bảo vệ khỏi 99.9% vi khuẩn và ngăn ngừa vi khuẩn lây lan trên da hiệu quả (Bao bì thay đổi theo đợt nhập hàng),173.000 ₫,"9,999+ Đã bán",(4241),Quà tặng,shop-sua-tam
Sữa tắm Lifebuoy 800g Bảo Vệ Vượt Trội giúp bảo vệ khỏi 99.9% vi khuẩn và ngăn ngừa vi khuẩn lây lan trên da (Túi),134.000 ₫,"9,999+ Đã bán",(2814),Quà tặng,shop-sua-tam
Sữa Tắm Lifebuoy Detox Diệt Khuẩn Trà Xanh & Khổ Qua 800G chiết xuất từ thiên nhiên ngừa mùi cơ thể và sạch sâu khỏi bụi mịn (Chai),162.000 ₫,"9,999+ Đã bán",(4004),Quà tặng,shop-sua-tam
Túi sữa tắm Lifebuoy Detox Trà Xanh & Khổ qua 1KG,187.000 ₫,"9,429 Đã bán",(1451),Quà tặng,shop-sua-tam
Sữa tắm Lifebuoy 800g Chăm sóc da dưỡng ẩm mềm mịn giúp bảo vệ khỏi 99.9% vi khuẩn và ngăn ngừa vi khuẩn lây lan trên da (Túi),137.000 ₫,"9,999+ Đã bán",(1763),Quà tặng,shop-sua-tam
Sữa tắm detox bụi mịn Lifebuoy Dầu Tràm trà và Muối hồng 800G hiết xuất từ thiên nhiên ngừa mùi cơ thể và sạch sâu khỏi bụi mịn (Chai),162.000 ₫,"9,999+ Đã bán",(2683),Quà tặng,shop-sua-tam
Sữa tắm detox Lifebuoy Than hoạt tính & Cám gạo 800g chiết xuất từ thiên nhiên ngừa mùi cơ thể và sạch sâu khỏi bụi mịn (Chai),168.000 ₫,"8,815 Đã bán",(1272),Quà tặng,shop-sua-tam
Sữa Tắm Trắng Da Hazeline Dưỡng Ẩm Dưỡng Yến Mạch Dâu Tằm Sáng Mịn 1Kg,105.000 ₫,"3,119 Đã bán",(626),Quà tặng,shop-sua-tam
Sữa tắm Lifebuoy 1kg Chăm sóc da dưỡng ẩm mềm mịn giúp bảo vệ khỏi 99.9% vi khuẩn và ngăn ngừa vi khuẩn lây lan trên da,173.000 ₫,"9,999+ Đã bán",(4012),Quà tặng,shop-sua-tam
Sữa tắm Lifebuoy Detox và Bảo vệ khỏi vi khuẩn Thảo Dược & Hoa Sen Chai 800g,165.000 ₫,"1,123 Đã bán",(249),Quà tặng,shop-sua-tam
Combo 2 Sữa tắm dưỡng thể Dove Deep Moisture Dưỡng ẩm chuyên sâu với dưỡng chất lợi khuẩn da 900g/chai,384.000 ₫,"1,152 Đã bán",(192),Quà tặng,shop-sua-tam
Sữa Tắm Trắng Da Hazeline Dưỡng Thể Thiên Nhiên Yến Mạch Dâu Tằm Sáng Da Dưỡng Ẩm 900g,95.000 ₫,"9,999+ Đã bán",(2431),Quà tặng,shop-sua-tam
Túi Sữa Tắm Dưỡng Thể Thiên Nhiên Trắng Da HAZELINE Matcha Lựu Đỏ Sáng Mịn Rạng Ngời 900g,95.000 ₫,"5,594 Đã bán",(1081),Quà tặng,shop-sua-tam
Sữa tắm dưỡng thể Dove Deep Moisture Dưỡng ẩm chuyên sâu với dưỡng chất lợi khuẩn da 900g,203.000 ₫,"5,610 Đã bán",(819),Quà tặng,shop-sua-tam
Sữa Tắm Hazeline Trắng Da Matcha Lựu Đỏ Sáng Mịn Dưỡng Ẩm Dưỡng Thể Thiên Nhiên 1kg,105.000 ₫,"2,937 Đã bán",(625),Quà tặng,shop-sua-tam
Sữa tắm dưỡng thể Dove Sakura Blossoms Da mềm mịn hương hoa với hương hoa anh đào & muối hồng 900g,203.000 ₫,"4,046 Đã bán",(633),Quà tặng,shop-sua-tam
[ĐỘC QUYỀN] Tặng Bộ Dụng Cụ Học Tập 5 Món SpiderMan - Sữa tắm Lifebuoy Bảo vệ vượt trội 10 chai 800g,181.000 ₫,601 Đã bán,(102),Mua 1 giảm 40.000 đ,shop-sua-tam
Sữa tắm dưỡng thể Dove Pampering Care phục hồi độ ẩm da khô với bơ hạt mỡ và hương hoa vanilla 500g,131.000 ₫,"2,931 Đã bán",(422),Quà tặng,shop-sua-tam
Sữa tắm Lifebuoy 800g Mát lạnh sảng khoái giúp bảo vệ khỏi 99.9% vi khuẩn và ngăn ngừa vi khuẩn lây lan trên da hiệu quả (Chai),172.000 ₫,"4,632 Đã bán",(898),Quà tặng,shop-sua-tam
Combo Sữa tắm Dưỡng thể Dove 500g Da Mịn Hương Hoa 500g + Smoothie Tẩy Da Chết Dưỡng Ẩm Toàn Thân Dove Hương Hoa Anh Đào 298g,290.000 ₫,560 Đã bán,(91),Quà tặng,shop-sua-tam
Sữa tắm dưỡng thể Dove Sakura Blossoms Da mềm mịn hương hoa với hương hoa anh đào & muối hồng 500g,128.000 ₫,"3,249 Đã bán",(458),Quà tặng,shop-sua-tam
Sữa tắm dưỡng thể Dove Invigorating Da bóng mịn thơm mát với dầu bơ và hoa cúc Calendular 900g,203.000 ₫,"1,475 Đã bán",(182),Quà tặng,shop-sua-tam
Sữa tắm dưỡng thể Dove Sensitive care chăm sóc da nhạy cảm với công thức không kích ứng da 500g,121.000 ₫,"2,158 Đã bán",(359),Quà tặng,shop-sua-tam
Sữa tắm dưỡng thể Dove Invigorating Da bóng mịn thơm mát với dầu bơ và hoa cúc Calendular 500g,128.000 ₫,"1,127 Đã bán",(153),Quà tặng,shop-sua-tam
Combo 2 Sữa tắm dưỡng thể Dove Sakura Blossoms Da mịn hương hoa với hương hoa anh đào & muối hồng 900g/chai,384.000 ₫,339 Đã bán,(75),Quà tặng,shop-sua-tam
[Hàng tặng không bán] - Sữa tắm Lifebuoy 200g (mẫu ngẫu nhiên),1.000.000 ₫,"9,999+ Đã bán",(6654),No,shop-sua-tam
"Combo Sữa Tắm Lux Botanical Hương Nước Hoa Phong Lan Quyến Rũ Lưu Hương 12H, Thơm, Nước Hoa 570G X2",267.000 ₫,"2,480 Đã bán",(437),Quà tặng,shop-sua-tam
Combo Sữa Tắm Hương Nước Hoa Lux Botanicals Hồng Pháp Nồng Nàn Sáng Mịn Rạng Ngời 570GX3,330.000 ₫,34 Đã bán,(9),Quà tặng,shop-sua-tam
Sữa tắm Lifebuoy 800g Chăm sóc da dưỡng ẩm mềm mịn giúp bảo vệ khỏi 99.9% vi khuẩn và ngăn ngừa vi khuẩn lây lan trên da (Chai),172.000 ₫,"1,871 Đã bán",(279),Mua 1 giảm 40.000 đ,shop-sua-tam
Sữa Tắm Lux Botanical Hương Nước Hoa Hồng Pháp Nồng Nàn Hương Nước Hoa Cao Cấp Sáng Mịn Rạng Ngời 570G,157.000 ₫,36 Đã bán,(8),Quà tặng,shop-sua-tam
Sữa tắm dưỡng thể Dove Deep Moisture Dưỡng ẩm chuyên sâu với dưỡng chất lợi khuẩn da 500g,128.000 ₫,790 Đã bán,(115),Quà tặng,shop-sua-tam
[Hàng tặng không bán] - Combo 2 Sữa tắm Lifebuoy 200g (mẫu ngẫu nhiên),1.000.000 ₫,"1,502 Đã bán",(293),No,shop-sua-tam
[Hàng tặng không bán] - Sữa tắm dưỡng thể Dove 200g (mẫu ngẫu nhiên),1.000.000 ₫,"5,056 Đã bán",(949),No,shop-sua-tam
Combo 2 Sữa tắm Lifebuoy Detox Trà Xanh & Khổ qua 800g+1kg,365.000 ₫,562 Đã bán,(114),Quà tặng,shop-sua-tam
Sữa tắm Lifebuoy 800g Bảo vệ vượt trội 10 giúp bảo vệ khỏi 99.9% vi khuẩn và ngăn ngừa vi khuẩn lây lan trên da hiệu quả (Chai),172.000 ₫,"3,273 Đã bán",(287),Mua 1 giảm 40.000 đ,shop-sua-tam
"Sữa Tắm Lux Botanical Hương Nước Hoa Phong Lan Quyến Rũ Lưu Hương 12H, Thơm, Nước Hoa 570G",157.000 ₫,57 Đã bán,(14),Quà tặng,shop-sua-tam
[ĐỘC QUYỀN] Tặng Bộ Dụng Cụ Học Tập 5 Món SpiderMan - Sữa tắm Lifebuoy Sữa Dưỡng Ẩm chai 800g,181.000 ₫,269 Đã bán,(51),Quà tặng,shop-sua-tam
Combo Sữa Tắm Hương Nước Hoa Lux Botanicals Lan Tiên & Tràm Trà Sáng Mịn Rạng Ngời 570GX3,330.000 ₫,19 Đã bán,(6),Quà tặng,shop-sua-tam
Combo 2 chai sữa tắm dưỡng thể Dove Dove Deep Moisture Dưỡng ẩm chuyên sâu và Sakura Blossoms Da mịn hương hoa 500g/chai,254.000 ₫,273 Đã bán,(44),Quà tặng,shop-sua-tam
Combo 2 túi nước xả vải Comfort Túi 3.8L,455.000 ₫,"9,617 Đã bán",(1570),Quà tặng,bach-hoa-online-nuoc-lam-mem-vai
Combo 2 túi Nước Xả Vải Comfort Giữ Màu & Bền Vải Một Lần Xả Hương Ban Mai túi 3.8L,457.000 ₫,"9,999+ Đã bán",(2271),Quà tặng,bach-hoa-online-nuoc-lam-mem-vai
[Hàng tặng không bán] Combo 3 Nước xả vải Comfort 120g (mẫu ngẫu nhiên),1.000.000 ₫,"7,258 Đã bán",(989),No,bach-hoa-online-nuoc-lam-mem-vai
Combo 2 túi Nước Xả Vải Comfort Giữ Màu & Bền Vải Một Lần Xả Hương Sophia túi 3.8L,457.000 ₫,"7,616 Đã bán",(1400),Quà tặng,bach-hoa-online-nuoc-lam-mem-vai
"Nước xả vải em bé Comfort cho da nhạy cảm với công thức riêng dịu nhẹ 100% nguồn gốc thực vật, Túi 3.8L",234.000 ₫,"8,880 Đã bán",(1135),Quà tặng,bach-hoa-online-nuoc-lam-mem-vai
Combo 2 túi Nước Xả Vải Comfort Giữ Màu & Bền Vải Một Lần Xả Hương Bella túi 3.8L,457.000 ₫,"6,242 Đã bán",(1123),Quà tặng,bach-hoa-online-nuoc-lam-mem-vai
Combo 2 túi Nước Xả Vải Comfort Giữ Màu & Bền Vải Một Lần Xả Hương Vườn Xuân túi 3.8L,455.000 ₫,498 Đã bán,(102),Quà tặng,bach-hoa-online-nuoc-lam-mem-vai
Nước xả làm mềm vải Comfort chăm sóc chuyên sâu phơi trong nhà Hương nắng mới túi 3.8L,228.000 ₫,"3,794 Đã bán",(607),Quà tặng,bach-hoa-online-nuoc-lam-mem-vai
Nước Xả Vải Comfort Giữ Màu & Bền Vải Một Lần Xả Hương Bella túi 3.8L,228.000 ₫,"3,135 Đã bán",(561),Quà tặng,bach-hoa-online-nuoc-lam-mem-vai
[Hàng tặng không bán] Combo 2 Nước xả vải Comfort 120g (mẫu ngẫu nhiên),1.000.000 ₫,"9,999+ Đã bán",(2631),No,bach-hoa-online-nuoc-lam-mem-vai
Combo 2 túi Nước xả làm mềm vải Comfort chăm sóc chuyên sâu phơi trong nhà Hương nắng mới túi 3.8L,457.000 ₫,126 Đã bán,(18),Quà tặng,bach-hoa-online-nuoc-lam-mem-vai
Nước Xả Vải Comfort Giữ Màu & Bền Vải Một Lần Xả Hương Ban Mai túi 3.8L,228.000 ₫,"4,815 Đã bán",(899),Quà tặng,bach-hoa-online-nuoc-lam-mem-vai
Combo 2 Nước xả làm mềm vải & giảm nhăn Comfort Đậm Đặc Hương Hoa Thiên Nhiên Thanh Xuân 3.6L,455.000 ₫,223 Đã bán,(46),Quà tặng,bach-hoa-online-nuoc-lam-mem-vai
Nước Xả Vải Comfort Giữ Màu & Bền Vải Một Lần Xả Hương Vườn Xuân túi 3.8L,228.000 ₫,450 Đã bán,(76),Quà tặng,bach-hoa-online-nuoc-lam-mem-vai
Nước xả làm mềm vải Comfort Hương Nước Hoa Thiên Nhiên Jennie túi 3.8L,228.000 ₫,"1,524 Đã bán",(219),Quà tặng,bach-hoa-online-nuoc-lam-mem-vai
Nước xả làm mềm vải & giảm nhăn Comfort Đậm Đặc Hương Hoa Thiên Nhiên Thanh Xuân 3.6L,228.000 ₫,420 Đã bán,(75),Quà tặng,bach-hoa-online-nuoc-lam-mem-vai
[Hàng tặng không bán] - Túi đựng mỹ phẩm Comfort xinh xắn (Mẫu ngẫu nhiên),1.000.000 ₫,"9,999+ Đã bán",(1110),No,bach-hoa-online-nuoc-lam-mem-vai
[Hàng tặng không bán] Nước xả làm mềm vải & giảm nhăn Comfort Đậm Đặc Hương Hoa Thiên Nhiên Thư Thái 400ml (mẫu ngẫu nhiên),1.000.000 ₫,"3,975 Đã bán",(630),No,bach-hoa-online-nuoc-lam-mem-vai
Combo 2 túi Nước xả làm mềm vải Comfort Hương Nước Hoa Thiên Nhiên Quyến Rũ túi 3.8L,455.000 ₫,89 Đã bán,(17),Quà tặng,bach-hoa-online-nuoc-lam-mem-vai
Nước Xả Vải Comfort Giữ Màu & Bền Vải Một Lần Xả Hương Sophia túi 3.8L,228.000 ₫,"2,491 Đã bán",(460),Quà tặng,bach-hoa-online-nuoc-lam-mem-vai
[Hàng tặng không bán] Combo 4 Nước xả làm mềm vải & giảm nhăn Comfort Đậm Đặc Hương Hoa Thiên Nhiên Thanh Xuân 120ml,1.000.000 ₫,66 Đã bán,(24),No,bach-hoa-online-nuoc-lam-mem-vai
[Hàng tặng không bán] Nước xả vải Comfort 120g (mẫu ngẫu nhiên),1.000.000 ₫,"9,999+ Đã bán",(1700),No,bach-hoa-online-nuoc-lam-mem-vai
[Hàng tặng không bán] Nước xả làm mềm vải Comfort 100H Lưu Hương Sâu Hương Vườn Xuân Túi 200ML (mẫu ngẫu nhiên),1.000.000 ₫,"9,280 Đã bán",(2002),No,bach-hoa-online-nuoc-lam-mem-vai
Combo 2 Nước xả làm mềm vải Comfort chăm sóc chuyên sâu phơi trong nhà Hương nắng mới túi 3.2L,476.000 ₫,147 Đã bán,(27),Quà tặng,bach-hoa-online-nuoc-lam-mem-vai
[Hàng tặng không bán] - Hộp bảo quản thực phẩm Lock & Lock PP dung để đưng thực phẩm (mẫu ngẫu nhiên),1.000.000 ₫,"1,322 Đã bán",(200),No,bach-hoa-online-nuoc-lam-mem-vai
[Hàng tặng không bán] Bộ 2 hộp bảo quản (mẫu ngẫu nhiên),1.000.000 ₫,"5,640 Đã bán",(315),No,bach-hoa-online-nuoc-lam-mem-vai
Combo 2 túi Nước Xả Vải Comfort Sophia 3.2L,476.000 ₫,31 Đã bán,(6),Quà tặng,bach-hoa-online-nuoc-lam-mem-vai
[Hàng tặng không bán] Nước xả làm mềm vải & giảm nhăn Comfort Đậm Đặc Hương Hoa Thiên Nhiên Thanh Xuân 120ml,1.000.000 ₫,"1,482 Đã bán",(428),No,bach-hoa-online-nuoc-lam-mem-vai
[Hàng tặng không bán] Combo 2 Nước xả làm mềm vải Comfort 100H Lưu Hương Sâu Hương Vườn Xuân Túi 200ML (mẫu ngẫu nhiên),1.000.000 ₫,"5,952 Đã bán",(1128),No,bach-hoa-online-nuoc-lam-mem-vai
[Hàng tặng không bán] Chảo chống dính (mẫu ngẫu nhiên),1.000.000 ₫,"4,589 Đã bán",(298),No,bach-hoa-online-nuoc-lam-mem-vai
[Hàng tặng không bán] Combo 3 Nước xả làm mềm vải & giảm nhăn Comfort Đậm Đặc Hương Hoa Thiên Nhiên Thanh Xuân 120ml,1.000.000 ₫,"6,482 Đã bán",(949),No,bach-hoa-online-nuoc-lam-mem-vai
[Hàng tặng không bán] Nước xả làm mềm vải Comfort Hương Nước Hoa Thiên Nhiên Hương Quyến Rũ Túi 200ML,1.000.000 ₫,594 Đã bán,(138),No,bach-hoa-online-nuoc-lam-mem-vai
[Hàng tặng không bán] Combo 3 Nước xả làm mềm vải Comfort 100H Lưu Hương Sâu Hương Vườn Xuân Túi 200ML (mẫu ngẫu nhiên),1.000.000 ₫,"5,430 Đã bán",(758),No,bach-hoa-online-nuoc-lam-mem-vai
[Hàng tặng không bán] Combo 2 Nước xả làm mềm vải & giảm nhăn Comfort Đậm Đặc Hương Hoa Thiên Nhiên Thanh Xuân 120ml,1.000.000 ₫,"3,219 Đã bán",(695),No,bach-hoa-online-nuoc-lam-mem-vai
[Hàng tặng không bán] Combo 4 Nước xả vải Comfort 120g (mẫu ngẫu nhiên),1.000.000 ₫,"3,054 Đã bán",(504),No,bach-hoa-online-nuoc-lam-mem-vai
[Hàng tặng không bán] Combo 4 Nước xả làm mềm vải Comfort 100H Lưu Hương Sâu Hương Vườn Xuân Túi 200ML (mẫu ngẫu nhiên),1.000.000 ₫,14 Đã bán,(1),No,bach-hoa-online-nuoc-lam-mem-vai
Bộ 3 Kem Đánh Răng P/S Ngừa Sâu Răng Vượt Trội 230G lấp đầy các lỗ sâu li ti giúp răng chắc khỏe hơn 10X (đổi bao bì),99.000 ₫,"9,999+ Đã bán",(2491),No,kem-danh-rang
Bộ 3 Kem Đánh Răng P/S Than Hoạt Tính Răng Trắng Hơn Sau 7 Ngày 230g,122.000 ₫,"4,564 Đã bán",(760),Quà tặng,kem-danh-rang
Combo 3 Kem Đánh Răng Closeup Dạng Gel Trắng Răng Diamond Attraction Ngay Sau 1 Lần Chải 100G/Tuýp,135.000 ₫,"9,999+ Đã bán",(2398),No,kem-danh-rang
Combo 3 Kem đánh răng Closeup Trắng Răng Tự Nhiên Charcoal Detox 230g,130.000 ₫,"5,963 Đã bán",(1087),Quà tặng,kem-danh-rang
Bộ 3 Kem Đánh Răng P/S Muối Hồng Hoa Cúc Răng Trắng Hơn Sau 7 ngày 230g,111.000 ₫,"2,473 Đã bán",(426),Quà tặng,kem-danh-rang
Bộ 3 Kem Đánh Răng P/S Trà Xanh Thanh Nhiệt Tự Nhiên 230g,116.000 ₫,"9,134 Đã bán",(997),No,kem-danh-rang
Combo 3 Kem Đánh Răng Closeup Dạng Gel Cho Hơi Thở Thơm Mát Bất Tận Bạc Hà The Mát 230G/Tuýp,124.000 ₫,"9,896 Đã bán",(1447),No,kem-danh-rang
Bộ 3 Hộp Kem Đánh Răng P/S Giảm Ê Buốt Sau 30 Giây Sensitive Mineral Expert Fresh Mint Với Tác Động Từ Khoáng 100G,125.000 ₫,"1,169 Đã bán",(219),No,kem-danh-rang
Combo 3 Kem Đánh Răng Closeup Dạng Gel Trắng Răng Diamond Attraction Ngay Sau 1 Lần Chải 100G/Tuýp,135.000 ₫,196 Đã bán,(42),No,kem-danh-rang
Combo 3 Kem Đánh Răng Closeup Cho Hơi Thở Thơm Mát Tự Nhiên Với Chiết Xuất Dầu Quất Và Lá Thảo Dược Detox 230G/Tuýp,130.000 ₫,"2,668 Đã bán",(482),Quà tặng,kem-danh-rang
Bộ 3 Hộp Kem Đánh Răng P/S Giảm Ê Buốt Sau 30 Giây Sensitive Mineral Expert Original Với Tác Động Từ Khoáng 100G,125.000 ₫,"1,525 Đã bán",(264),No,kem-danh-rang
Combo 3 Kem Đánh Răng Closeup Gel Sạch Khuẩn Tinh Thể Băng Tuyết Cho Hơi Thở Thơm Mát Bất Tận 230G/Tuýp (bao bì thay đổi),124.000 ₫,"6,039 Đã bán",(1001),No,kem-danh-rang
Bộ 3 Kem đánh răng P/S Baking Soda Hương Thảo Răng Trắng Hơn Sau 7 Ngày 230g,122.000 ₫,"3,628 Đã bán",(723),Quà tặng,kem-danh-rang
Combo 3 Kem đánh răng Closeup Trắng Răng Tự Nhiên Muối Biển Detox 230 g,130.000 ₫,"2,509 Đã bán",(425),Quà tặng,kem-danh-rang
Combo 3 Kem Đánh Răng Closeup Giúp Làm Trắng Răng Tự Nhiên X2.5 Lần Với Khoáng Đất Sét Detox Và Matcha Bạc Hà 230G/Tuýp,130.000 ₫,"2,926 Đã bán",(541),No,kem-danh-rang
Combo 3 Kem đánh răng Closeup Trắng Răng Tự Nhiên Acai Berry detox 230g,130.000 ₫,"2,345 Đã bán",(508),No,kem-danh-rang
Gift - Combo 3 Kem Đánh Răng Closeup Dạng Gel Trắng Răng Diamond Attraction Ngay Sau 1 Lần Chải 100G/Tuýp,1.000.000 ₫,"6,454 Đã bán",(1460),No,kem-danh-rang
"Lăn khử mùi Rexona Free Spirit khô thoáng tối ưu hương thảo mộc thư giãn dành cho nữ, 50ml",53.000 ₫,"4,335 Đã bán",(674),Quà tặng,khu-mui-co-the
"Lăn khử mùi Rexona Shower Clean khô thoáng tối ưu mát lạnh sảng khoái dành cho nữ, 45ml",53.000 ₫,"5,238 Đã bán",(711),Quà tặng,khu-mui-co-the
Serum vùng cánh dưỡng sáng ngăn mùi Dove dành cho nữ với 3% Niacinamide giúp da sáng mịn đều màu 40ml/50ml,79.000 ₫,"9,999+ Đã bán",(2174),Quà tặng,khu-mui-co-the
"Xịt khử mùi Dove Powder Soft Hương phấn thơm Dưỡng da Sáng mịn dành cho nữ, 135ml",110.000 ₫,"3,354 Đã bán",(483),Quà tặng,khu-mui-co-the
Combo 2 serum vùng cánh dưỡng sáng ngăn mùi Dove dành cho nữ với 3% Niacinamide giúp mờ thâm thu nhỏ lỗ chân lông 40ml/50ml,175.000 ₫,"1,705 Đã bán",(172),Quà tặng,khu-mui-co-the
Serum vùng cánh dưỡng sáng ngăn mùi Dove dành cho nữ với 3% Niacinamide giúp mờ thâm thu nhỏ lỗ chân lông 40ml/50ml,79.000 ₫,"8,505 Đã bán",(1323),Quà tặng,khu-mui-co-the
"Xịt khử mùi Rexona Men Invisible & Antibacterial 72h khô thoáng kháng khuẩn dành cho nam, 135ml",85.000 ₫,"1,274 Đã bán",(205),Quà tặng,khu-mui-co-the
Combo 2 serum vùng cánh dưỡng sáng ngăn mùi Dove dành cho nữ với 3% Niacinamide giúp da sáng mịn đều màu 40ml/50ml,175.000 ₫,"1,116 Đã bán",(156),Quà tặng,khu-mui-co-the
"Xịt khử mùi Dove Original Nourished & Smooth Hương dịu nhẹ Dưỡng da Sáng mịn dành cho nữ, 135ml",105.000 ₫,"1,916 Đã bán",(278),Quà tặng,khu-mui-co-the
Combo 2 Lăn ngăn mùi tinh chất serum cao cấp Dove dành cho nữ với 3% Niacinamide dưỡng da sáng mịn đều màu 45ml,163.000 ₫,461 Đã bán,(88),Quà tặng,khu-mui-co-the
Combo 2 Xịt Khử Mùi Rexona Free Spirit Khô Thoáng Tối Ưu Hương Thảo Mộc Thư Giãn Dành Cho Nữ (150ml),181.000 ₫,186 Đã bán,(29),Quà tặng,khu-mui-co-the
Combo 2 Lăn ngăn mùi tinh chất serum cao cấp Dove dành cho nữ với 3% Niacinamide mờ thâm thu nhỏ lỗ chân lông 45ml,163.000 ₫,245 Đã bán,(41),Quà tặng,khu-mui-co-the
"Combo 2 Lăn khử mùi Dove Powder Soft Hương phấn thơm Dưỡng da Sáng mịn dành cho nữ, 40ml",138.000 ₫,"1,121 Đã bán",(309),No,khu-mui-co-the
"Combo 2 Lăn khử mùi Dove Original Nourished & Smooth Hương dịu nhẹ Dưỡng da Sáng mịn dành cho nữ, 40ml",138.000 ₫,589 Đã bán,(188),No,khu-mui-co-the
Nước Lau Sàn Sunlight Tinh Dầu Thảo Mộc Hương Chanh Sả dạng túi 3.4kg,77.000 ₫,"2,903 Đã bán",(409),Quà tặng,shop-ve-sinh-san-nha
Nước lau sàn Sunlight Hoa Lily & Hương Thảo Túi 3.6kg | Tinh dầu Thảo mộc 100% | Hương thơm tinh tế,71.000 ₫,"1,933 Đã bán",(293),Quà tặng,shop-ve-sinh-san-nha
Nước lau sàn Sunlight Hoa Lavender Túi 3.6kg | Tinh dầu Thảo mộc 100% | Hương thơm tinh tế,74.000 ₫,108 Đã bán,(15),Quà tặng,shop-ve-sinh-san-nha
Nước lau sàn Sunlight Tinh dầu thảo mộc Ngăn côn trùng Hương Quế & Cam Bergamot túi 3.4 KG,77.000 ₫,"4,265 Đã bán",(704),Quà tặng,shop-ve-sinh-san-nha
Nước lau sàn Sunlight Hoa Hạ & Bạc Hà Túi 3.6kg | Tinh dầu Thảo mộc 100% | Hương thơm tươi mát,71.000 ₫,"1,607 Đã bán",(231),Quà tặng,shop-ve-sinh-san-nha
"Nước Lau Sàn Sunlight Thiên Nhiên Chiết Xuất Tre & Lô Hội 3,6 Kg - Sạch Dịu Nhẹ - Mẹ An Tâm",89.000 ₫,"6,273 Đã bán",(1099),Quà tặng,shop-ve-sinh-san-nha
Nước lau sàn Sunlight Hoa Hạ & Bạc Hà Chai 3.6kg | Tinh dầu Thảo mộc 100% | Hương thơm tươi mát,89.000 ₫,"4,096 Đã bán",(712),Quà tặng,shop-ve-sinh-san-nha
Nước lau sàn Sunlight Tinh dầu thảo mộc Ngăn côn trùng Hương Quế & Cam Bergamot chai 3.6 KG,102.000 ₫,867 Đã bán,(141),Quà tặng,shop-ve-sinh-san-nha
Nước lau sàn Sunlight Hoa Lily & Hương Thảo Chai 3.6kg | Tinh dầu Thảo mộc 100% | Hương thơm tinh tế,89.000 ₫,"4,505 Đã bán",(775),Quà tặng,shop-ve-sinh-san-nha
Nước lau sàn Sunlight Hoa Lavender Chai 3.6kg | Tinh dầu Thảo mộc 100% | Hương thơm tinh tế,93.000 ₫,6 Đã bán,,Quà tặng,shop-ve-sinh-san-nha
[Hàng tặng không bán] - Nước lau sàn Sunlight Tinh Dầu Thảo Mộc Hương Chanh Sả 700g,1.000.000 ₫,"7,973 Đã bán",(1026),No,shop-ve-sinh-san-nha
"Nước Lau Sàn Lifebuoy Botanitech Kháng Khuẩn & An Toàn Với Da Tinh Dầu Tràm Trà & Khuynh Diệp Kháng Khuẩn Đến 24H 3,6 L",106.000 ₫,"6,507 Đã bán",(1028),No,shop-ve-sinh-san-nha
Nước Rửa Chén Bát Sunlight Chanh 100 Sạch Nhanh Xả Bọt Nhanh Rửa Sạch Dầu Mỡ | Túi 3.5KG,90.000 ₫,"5,636 Đã bán",(1008),Quà tặng,bach-hoa-online-nuoc-rua-chen-bang-tay
Nước rửa chén Sunlight Thiên nhiên Muối khoáng & Lô hội 100% Gốc thực vật Túi 3.4kg,109.000 ₫,"3,995 Đã bán",(593),Quà tặng,bach-hoa-online-nuoc-rua-chen-bang-tay
Nước rửa chén Sunlight Khử mùi tanh Matcha Trà Nhật 100% Gốc thực vật Túi 3.4kg,109.000 ₫,"1,786 Đã bán",(252),Quà tặng,bach-hoa-online-nuoc-rua-chen-bang-tay
Nước rửa chén Sunlight Chanh mới sạch nhanh xả bọt nhanh chai 3.6kg,101.000 ₫,"8,291 Đã bán",(1495),Quà tặng,bach-hoa-online-nuoc-rua-chen-bang-tay
Nước Rửa Chén Bát Sunlight Mềm Dịu Da Tay Hương Bưởi & Hoa Anh Đào thành phần làm sạch 100% từ gốc thực vật 3.6kg,122.000 ₫,"9,999+ Đã bán",(2421),Quà tặng,bach-hoa-online-nuoc-rua-chen-bang-tay
Nước rửa chén Sunlight Thiên nhiên Muối khoáng Lô hội 100% Gốc thực vật Chai 3.6kg,122.000 ₫,"9,999+ Đã bán",(1981),Quà tặng,bach-hoa-online-nuoc-rua-chen-bang-tay
Nước rửa chén Sunlight Quế & Bồ Hòn Chai 3.6kg,121.000 ₫,156 Đã bán,(30),Quà tặng,bach-hoa-online-nuoc-rua-chen-bang-tay
"Nước Rửa Chén Bát Sunlight Diệt Khuẩn Chiết xuất Chanh và Lá Bạc Hà, giúp Diệt Vi Khuẩn Bám Trên Chén Dĩa 3.6kg",127.000 ₫,"6,541 Đã bán",(1437),Quà tặng,bach-hoa-online-nuoc-rua-chen-bang-tay
Nước rửa chén Sunlight Khử mùi tanh Matcha Trà Nhật 100% Gốc thực vật Chai 3.4kg,121.000 ₫,"6,891 Đã bán",(1254),Quà tặng,bach-hoa-online-nuoc-rua-chen-bang-tay
Combo 2 Chai Nước Rửa Chén Sunlight Quế Và Bồ Hòn Và Nước Lau Sàn Sunlight Quế Và Cam Bergamot Chai 3.6Kg,206.000 ₫,25 Đã bán,(5),Quà tặng,bach-hoa-online-nuoc-rua-chen-bang-tay
[Hàng tặng không bán] Nước rửa chén SUNLIGHT 700G (mẫu ngẫu nhiên),1.000.000 ₫,"9,999+ Đã bán",(1537),No,bach-hoa-online-nuoc-rua-chen-bang-tay
[Hàng tặng không bán] - Combo 2 Nước Rửa Chén Sunlight Thiên Nhiên Túi 550g (mẫu ngẫu nhiên),1.000.000 ₫,7 Đã bán,,No,bach-hoa-online-nuoc-rua-chen-bang-tay
[Hàng tặng không bán] Combo 2 Nước rửa chén SUNLIGHT 700G,1.000.000 ₫,7 Đã bán,(2),No,bach-hoa-online-nuoc-rua-chen-bang-tay
Combo 5 Bộ Viên tẩy bồn cầu Vim Power 5 Hương Lavender 275G (5x55G),111.000 ₫,"9,999+ Đã bán",(2077),Quà tặng,shop-ve-sinh-toilet
Combo 2 Gel Tẩy Bồn Cầu Vim Trắng Sáng Hương Chanh Sả Dịu Mát 870ml,75.000 ₫,"7,228 Đã bán",(916),No,shop-ve-sinh-toilet
"Combo 2 Nước tẩy bồn cầu VIM Diệt khuẩn Diệt 99,9% vi khuẩn 880ml",73.000 ₫,"8,825 Đã bán",(1214),No,shop-ve-sinh-toilet
Combo 3 Viên treo bồn cầu VIM Power 5 hương Trà Xanh Chanh Vàng 55G x 3,78.000 ₫,"2,598 Đã bán",(318),Quà tặng,shop-ve-sinh-toilet
Combo Viên Tẩy Bồn Cầu Vim Power 5 Hương Oải Hương 55G X 3,78.000 ₫,"9,999+ Đã bán",(1301),Quà tặng,shop-ve-sinh-toilet
Combo 3 Viên treo bồn cầu VIM Power 5 Hương Chanh 55G x 3,78.000 ₫,"9,999+ Đã bán",(1267),Quà tặng,shop-ve-sinh-toilet
Combo 9 Viên Tẩy Bồn Cầu Vim Power 5 Sạch Khuẩn Thơm Mát (55g/viên) | Hương Chanh,205.000 ₫,895 Đã bán,(78),Quà tặng,shop-ve-sinh-toilet
Combo 2 Chai Nước Tẩy Bồn Cầu VIM Trắng Sáng Hương Oải Hương 870 ML,75.000 ₫,"2,287 Đã bán",(372),No,shop-ve-sinh-toilet
Combo 9 Viên Tẩy Bồn Cầu Vim Power 5 Sạch Khuẩn Thơm Mát (55g/viên) | Hương Lavender,205.000 ₫,882 Đã bán,(115),Quà tặng,shop-ve-sinh-toilet
"Combo 3 Viên vệ sinh bồn cầu Vim Power5 (55g/viên) | Hương Mộc Lan | Sạch thơm đến 900 lần xả | Tiết kiệm hơn, thơm mát hơn",84.000 ₫,83 Đã bán,(13),Quà tặng,shop-ve-sinh-toilet
Viên vệ sinh bồn cầu Vim Power5 (55g/viên)| Hương Mộc Lan | Sạch thơm đến 300 lần xả,28.000 ₫,113 Đã bán,(16),Quà tặng,shop-ve-sinh-toilet
Combo 9 Viên vệ sinh bồn cầu Vim Power5 (55g/viên) | Hương Mộc Lan | Sạch thơm đến 2700 lần xả,252.000 ₫,38 Đã bán,(4),Quà tặng,shop-ve-sinh-toilet
Combo 9 Viên Tẩy Bồn Cầu Vim Power 5 Sạch Khuẩn Thơm Mát (55g/viên )| Hương Trà Xanh & Chanh,205.000 ₫,794 Đã bán,(86),Quà tặng,shop-ve-sinh-toilet
[Hàng tặng không bán] Hộp 2 Viên Nén Vệ Sinh Lồng Giặt OMO Matic 40gr,1.000.000 ₫,"5,318 Đã bán",(993),No,bach-hoa-online-cham-soc-dac-biet
[Hàng tặng không bán] Nước giặt OMO MATIC 150G (mẫu ngẫu nhiên),1.000.000 ₫,"9,999+ Đã bán",(1698),No,bach-hoa-online-cham-soc-dac-biet
[Hàng tặng không bán] Túi nước giặt OMO Matic chuyên dụng cửa trên chuyên gia giữ màu 350g (mẫu ngẫu nhiên),1.000.000 ₫,"9,937 Đã bán",(1792),No,bach-hoa-online-cham-soc-dac-biet
[Hàng tặng không bán] Combo 2 Nước giặt OMO MATIC 150G (mẫu ngẫu nhiên),1.000.000 ₫,"9,999+ Đã bán",(1864),No,bach-hoa-online-cham-soc-dac-biet
[Hàng tặng không bán] Nước giặt OMO Matic Cửa trước Khử mùi thư thái Hương Lavender 412g (mẫu ngẫu nhiên),1.000.000 ₫,"9,999+ Đã bán",(2471),No,bach-hoa-online-cham-soc-dac-biet
[Hàng tặng không bán] Combo 2 Túi nước giặt OMO Matic chuyên dụng cửa trên chuyên gia giữ màu 350g (mẫu ngẫu nhiên),1.000.000 ₫,"5,962 Đã bán",(1256),No,bach-hoa-online-cham-soc-dac-biet
[Hàng tặng không bán] Combo 3 Nước giặt OMO MATIC 150G (mẫu ngẫu nhiên),1.000.000 ₫,"2,484 Đã bán",(349),No,bach-hoa-online-cham-soc-dac-biet
[Hàng tặng không bán] Combo 6 Nước giặt OMO MATIC 150G (mẫu ngẫu nhiên),1.000.000 ₫,,(1),No,bach-hoa-online-cham-soc-dac-biet
[Hàng tặng không bán] Combo 4 Nước giặt OMO MATIC 150G (mẫu ngẫu nhiên),1.000.000 ₫,"1,328 Đã bán",(184),No,bach-hoa-online-cham-soc-dac-biet
"Dầu xả Sunsilk Mềm Mượt Diệu Kỳ 640g giúp tóc mượt không bết dính với 2X dầu dưỡng Argan, dầu Trái Bơ, Protein Tơ Tằm và Vitamin E",141.000 ₫,"1,369 Đã bán",(204),Quà tặng,dau-xa
"Dầu xả Sunsilk Óng Mượt Rạng Ngời 640g giúp tóc mượt không bết dính với Bồ Kết, Dầu Dừa, Protein Gạo Đen và Vitamin E (Phiên Bản Mới)",141.000 ₫,"1,278 Đã bán",(204),Quà tặng,dau-xa
[Hàng tặng không bán] - Kem Xả Serum 2 trong 1 Dove Scalp care 230ml,1.000.000 ₫,"1,032 Đã bán",(106),No,dau-xa
[Hàng tặng không bán] - Dầu xả Tresemme 140g (mẫu ngẫu nhiên),1.000.000 ₫,927 Đã bán,(145),No,dau-xa
[Hàng tặng không bán] - Kem ủ Dove Keratine cao cấp phục hồi hư tổn 12ml,1.000.000 ₫,179 Đã bán,(28),No,dau-xa
[Hàng tặng không bán] - Combo 6 Gói Kem ủ Dove Keratine cao cấp phục hồi hư tổn 12ml (mẫu ngẫu nhiên),1.000.000 ₫,169 Đã bán,(24),No,dau-xa
[Hàng tặng không bán] - Combo 2 Dầu xả Tresemme 140g (mẫu ngẫu nhiên),1.000.000 ₫,317 Đã bán,(54),No,dau-xa
[Hàng tặng không bán] - Combo 2 Gói Kem ủ Dove Keratine cao cấp phục hồi hư tổn 12ml (mẫu ngẫu nhiên),1.000.000 ₫,594 Đã bán,(69),No,dau-xa
"Combo 2 Nước lau kính Sunlight Siêu nhanh | Phiên bản nâng cấp từ Cif | Sạch trong suốt, không tỳ vết | Chai 520ml",54.000 ₫,173 Đã bán,(32),No,bach-hoa-online-chat-tay-da-nang
"Combo 2 Nước lau đa năng Sunlight Chanh & Sả|Phiên bản nâng cấp từ Cif|Sạch bóng kin kít, không nhờn rít|Chai 500ml",65.000 ₫,286 Đã bán,(54),No,bach-hoa-online-chat-tay-da-nang
[Hàng tặng không bán] Gel Tẩy Bồn Cầu Vim Trắng Sáng Hương Chanh Sả Dịu Mát 450ml (mẫu ngẫu nhiên),1.000.000 ₫,"6,867 Đã bán",(1362),No,bach-hoa-online-chat-tay-da-nang
[GIFT] - Khăn giấy ướt Cif,1.000.000 ₫,"1,202 Đã bán",(137),No,bach-hoa-online-chat-tay-da-nang
[Hàng tặng không bán] - Nước Rửa Chén Sunlight Thiên Nhiên Túi 550g (mẫu ngẫu nhiên),1.000.000 ₫,"9,999+ Đã bán",(6032),No,bach-hoa-online-chat-tay-da-nang
[Hàng tặng không bán] - Gối tựa lưng Tết,1.000.000 ₫,"2,052 Đã bán",(407),No,bach-hoa-online-chat-tay-da-nang
Kem tẩy chuyên dụng SunlightPhiên bản nâng cấp từ CifSiêu sạch Siêu sángChai 690g,33.000 ₫,848 Đã bán,(116),No,bach-hoa-online-chat-tay-da-nang
Combo 2 Kem tẩy chuyên dụng Sunlight | Phiên bản nâng cấp từ Cif | Siêu sạch Siêu sáng | Chai 690g,65.000 ₫,619 Đã bán,(110),No,bach-hoa-online-chat-tay-da-nang
"Dầu Gội Đầu Clear Men Cool Sport Dầu Gội Bạc Hà Mát Lạnh Cực Đỉnh Suốt Ngày Dài Đánh Bay Gàu, Ngứa & Vi Khuẩn 900G",199.000 ₫,"8,259 Đã bán",(1771),Quà tặng,dau-goi-va-xa-toc-nam
Dầu Gội Đầu CLEAR MEN Perfume Deep Ocean Đánh Bay Gàu Ngứa Và Lưu Hương Nước Hoa Đẳng Cấp 600G,157.000 ₫,713 Đã bán,(150),Quà tặng,dau-goi-va-xa-toc-nam
"Dầu Gội Đầu Clear Men Deep Cleanse Than Hoạt Tính Đánh Bay Gàu, Ngứa Và Vi Khuẩn Dưỡng Tóc Khỏi Khói Bụi 900G",202.000 ₫,"5,462 Đã bán",(1236),Quà tặng,dau-goi-va-xa-toc-nam
Dầu Gội Đầu CLEAR MEN Perfume Warm Forest Đánh Bay Gàu Ngứa Và Lưu Hương Nước Hoa Đẳng Cấp 600G,151.000 ₫,416 Đã bán,(87),Quà tặng,dau-goi-va-xa-toc-nam
Dầu Gội Đầu CLEAR MEN Perfume Deep Ocean Đánh Bay Gàu Ngứa Và Lưu Hương Nước Hoa Đẳng Cấp 840G,195.000 ₫,357 Đã bán,(103),Quà tặng,dau-goi-va-xa-toc-nam
Dầu Gội Đầu CLEAR MEN Perfume Warm Forest Đánh Bay Gàu Ngứa Và Lưu Hương Nước Hoa Đẳng Cấp 840G,195.000 ₫,248 Đã bán,(75),Quà tặng,dau-goi-va-xa-toc-nam
[GIFT] - Dầu tắm gội CLEAR Men 70g (mẫu ngẫu nhiên),1.000.000 ₫,136 Đã bán,(29),No,dau-goi-va-xa-toc-nam
"Bàn Chải Điện P/S S100 PRO - Công Nghệ Sóng Âm, Chải Sạch Mảng Bám Tới 10X",893.000 ₫,"6,568 Đã bán",(1011),Quà tặng,ban-chai-rang-chay-dien
"Bàn Chải Điện P/S S100 PRO - Công Nghệ Sóng Âm, Chải Sạch Mảng Bám Tới 10X - Xanh Ombre",1.021.000 ₫,"1,469 Đã bán",(266),Quà tặng,ban-chai-rang-chay-dien
"Bàn Chải Điện P/S S100 PRO - Công Nghệ Sóng Âm, Chải Sạch Mảng Bám Tới 10X - Trắng Sáng",1.021.000 ₫,"1,285 Đã bán",(194),Quà tặng,ban-chai-rang-chay-dien
Bộ Bàn Chải Điện P/S S100 PRO màu đen & Bộ 2 đầu chải thay thế Sạch Sâu,1.187.000 ₫,18 Đã bán,(1),Quà tặng,ban-chai-rang-chay-dien
Bộ Bàn Chải Điện P/S S100 PRO màu trắng & Bộ 2 đầu chải thay thế Sạch Sâu,1.187.000 ₫,17 Đã bán,,Quà tặng,ban-chai-rang-chay-dien
Bộ Bàn Chải Điện P/S S100 PRO màu xanh ombre & Bộ 2 đầu chải thay thế Trắng răng tự nhiên,1.187.000 ₫,16 Đã bán,,Quà tặng,ban-chai-rang-chay-dien
"Combo 2 Bàn Chải Điện P/S S100 PRO - Công Nghệ Sóng Âm, Chải Sạch Mảng Bám Tới 10X - Đen Nhám & Xanh Ombre",2.600.000 ₫,22 Đã bán,(1),Quà tặng,ban-chai-rang-chay-dien
Combo 3 bàn chải P/S Detox trắng răng (mới),102.000 ₫,"1,754 Đã bán",(260),Quà tặng,ban-chai-rang
Combo 3 Bàn Chải Đánh Răng Closeup Chải Sạch Nhẹ Nhàng Precision Clean Tăng 3X Lượng Lông Chải Siêu Mềm Mảnh X3,112.000 ₫,"2,523 Đã bán",(317),Quà tặng,ban-chai-rang
[Hàng tặng không bán] Bình nước giữ nhiệt Coffee 400ml (mẫu ngẫu nhiên),1.000.000 ₫,"1,757 Đã bán",(202),No,ban-chai-rang
[Hàng tặng không bán] Bàn chải P/S (mẫu ngẫu nhiên),1.000.000 ₫,"4,303 Đã bán",(380),No,ban-chai-rang
[Hàng tặng không bán] Combo 2 Bàn chải P/S (mẫu ngẫu nhiên),1.000.000 ₫,"1,557 Đã bán",(131),No,ban-chai-rang
[Hàng tặng không bán] Bình nước giữ nhiệt Coffee 550ml (màu ngẫu nhiên),1.000.000 ₫,445 Đã bán,(40),No,ban-chai-rang
Combo 3 Bàn chải P/S Tre Tự Nhiên,144.000 ₫,218 Đã bán,(50),Quà tặng,ban-chai-rang
Combo 2 Tẩy Da Chết Dưỡng Ẩm Toàn Thân Dove Hương Lựu Đỏ 298g x 2,310.000 ₫,"1,017 Đã bán",(165),Quà tặng,tay-te-bao-chet-toan-than
[CHÍNH HÃNG] Smoothie Tẩy Da Chết Dưỡng Ẩm Toàn Thân Dove 298g,171.000 ₫,"9,200 Đã bán",(1288),Quà tặng,tay-te-bao-chet-toan-than
Combo 2 Tẩy Da Chết Dưỡng Ẩm Toàn Thân Dove Hương Lựu Đỏ & Hương Hoa Anh Đào 298g x 2,302.000 ₫,702 Đã bán,(123),Quà tặng,tay-te-bao-chet-toan-than
Combo 2 Tẩy Da Chết Dưỡng Ẩm Toàn Thân Dove Đường nâu & hương dừa 298g x 2,310.000 ₫,448 Đã bán,(83),Quà tặng,tay-te-bao-chet-toan-than
[Hàng tặng không bán] Smoothie tẩy da chết Dove hương lựu đỏ 50g,1.000.000 ₫,"9,999+ Đã bán",(2830),No,tay-te-bao-chet-toan-than
[Hàng tặng không bán] Combo 2 Smoothie tẩy da chết Dove hương lựu đỏ 50g,1.000.000 ₫,"4,969 Đã bán",(632),No,tay-te-bao-chet-toan-than
Bộ 2 đầu bàn chải điện P/S S100 Pro - Trắng Răng Tự Nhiên,209.000 ₫,"1,883 Đã bán",(247),Quà tặng,dau-thay-ban-chai
Bộ 4 đầu bàn chải điện P/S S100 Pro - Sạch Sâu Màu Trắng,349.000 ₫,39 Đã bán,(8),Quà tặng,dau-thay-ban-chai
Bộ 2 đầu bàn chải điện P/S S100 Pro - Sạch Sâu Màu Trắng,209.000 ₫,"1,299 Đã bán",(181),Quà tặng,dau-thay-ban-chai
Bộ 4 đầu bàn chải điện P/S S100 Pro - Trắng Răng Tự Nhiên,349.000 ₫,25 Đã bán,(4),Quà tặng,dau-thay-ban-chai
Bộ 4 đầu bàn chải điện P/S S100 Pro - Sạch Sâu Màu Đen,349.000 ₫,59 Đã bán,(11),Quà tặng,dau-thay-ban-chai
Bộ 2 đầu bàn chải điện P/S S100 Pro - Sạch Sâu Màu Đen,209.000 ₫,"2,592 Đã bán",(302),Quà tặng,dau-thay-ban-chai
"Xịt nước hoa toàn thân AXE Ice Chill với hương thơm sảng khoái và thơm mát của chanh tươi và lá bạc hà ướp lạnh, 135ml",96.000 ₫,"2,127 Đã bán",(297),Quà tặng,khu-mui-nam
Xịt nước hoa toàn thân AXE Gold Temptation dành cho nam với hương thơm nồng ấm và tinh tế của hổ phách và vanilla 135ml,96.000 ₫,"2,621 Đã bán",(353),Quà tặng,khu-mui-nam
"Xịt nước hoa toàn thân AXE Apollo dành cho nam với hương thơm hoang dại và nồng nàn của thảo mộc và gỗ đàn hương, 135ml",96.000 ₫,"2,337 Đã bán",(302),Quà tặng,khu-mui-nam
Xịt nước hoa toàn thân AXE Dark Temptation dành cho nam với hương thơm ngọt ngào và quyến rũ của chocolate đen 135ml,96.000 ₫,"1,662 Đã bán",(209),Quà tặng,khu-mui-nam
"Xịt nước hoa toàn thân AXE Black dành cho nam với hương thơm tươi mát và thơm mọng của cam bergamot và lê ướp lạnh, 135ml",96.000 ₫,"3,650 Đã bán",(446),Quà tặng,khu-mui-nam
[Hàng tặng không bán] Xịt nước hoa toàn thân nam AXE Anarchy for Him với hương lựu đỏ và gỗ đàn hương 135ml,1.000.000 ₫,"2,868 Đã bán",(510),No,khu-mui-nam
Hộp Viên Rửa Chén Bát SUNLIGHT 5 in 1 Cho Máy Rửa Chén Bát (28V/hộp),116.000 ₫,822 Đã bán,(100),Quà tặng,bach-hoa-online-nuoc-rua-chen-cho-may
Combo 3 Hộp Viên Rửa Chén Bát Sunlight 5 In 1 Cho Máy Rửa Chén Bát (28V/Hộp),349.000 ₫,"3,939 Đã bán",(614),Quà tặng,bach-hoa-online-nuoc-rua-chen-cho-may
Combo 6 hộp Viên Rửa Chén Bát SUNLIGHT 5 in 1 Cho Máy Rửa Chén Bát (28V/hộp),840.000 ₫,,(1),Quà tặng,bach-hoa-online-nuoc-rua-chen-cho-may
[Hàng tặng không bán] - Hộp Viên Rửa Chén Bát SUNLIGHT 5 in 1 Cho Máy Rửa Chén Bát (28V/hộp),1.000.000 ₫,53 Đã bán,(3),No,bach-hoa-online-nuoc-rua-chen-cho-may
Combo 6 hộp Viên Rửa Chén Bát SUNLIGHT 5 in 1 Cho Máy Rửa Chén Bát (28V/hộp),840.000 ₫,121 Đã bán,(13),Quà tặng,bach-hoa-online-nuoc-rua-chen-cho-may
